TeamNumber,MatchNumber,ScoutName,Comments,Auto_Mobility,Auto_Docked,Auto_Engaged,Auto_Cubes_Top,Auto_Cubes_Mid,Auto_Cubes_Low,Auto_Cones_Top,Auto_Cones_Mid,Auto_Cones_Low,Tele_Cubes_Top,Tele_Cubes_Mid,Tele_Cubes_Low,Tele_Cones_Top,Tele_Cones_Mid,Tele_Cones_Low,Endgame_Parked,Endgame_Docked,Endgame_Engaged,Auto_Cubes,Auto_Cones,Tele_Cubes,Tele_Cones
58,2,logan,Dukes of hazard,0.00,0.00,1.00,0.00,0.00,1.00,0.00,0.00,0.00,1.00,0.00,0.00,0.00,1.00,0.00,0.00,0.00,1.00,1.00,0.00,1.00,1.00
58,9,jason,"Miss clicked the save button, Fast pickup and movement much better than last week",0.00,1.00,1.00,1.00,0.00,0.00,0.00,0.00,0.00,0.00,0.00,4.00,0.00,0.00,0.00,0.00,1.00,1.00,1.00,0.00,4.00,0.00
58,18,Laura,Launched cube at wall in auto. can get air on balance,1.00,0.00,0.00,0.00,0.00,0.00,0.00,0.00,0.00,0.00,0.00,5.00,0.00,0.00,0.00,0.00,0.00,1.00,0.00,0.00,5.00,0.00
58,24,jason,Fast efficient,0.00,1.00,1.00,1.00,0.00,0.00,0.00,0.00,0.00,0.00,0.00,5.00,0.00,0.00,0.00,0.00,1.00,1.00,1.00,0.00,5.00,0.00
58,32,Rachel,Reckless. jumps off charge station. ,1.00,0.00,1.00,1.00,0.00,0.00,0.00,0.00,0.00,0.00,0.00,1.00,0.00,0.00,0.00,0.00,0.00,1.00,1.00,0.00,1.00,0.00
58,37,terri,"Arm broke,played defense",0.00,0.00,0.00,0.00,0.00,0.00,0.00,0.00,0.00,0.00,0.00,0.00,0.00,0.00,1.00,0.00,0.00,1.00,0.00,0.00,0.00,1.00
58,44,evn,Fast. Efficient. Nice auto. Cubes only. Brutally killed another robot by knocking it over causing its battery to fall out.,0.00,1.00,1.00,0.00,0.00,1.00,0.00,0.00,0.00,0.00,0.00,3.00,0.00,0.00,0.00,0.00,1.00,1.00,1.00,0.00,3.00,0.00
58,55,evn,Has a yellow card.  Good defense. Fast. Cubes only. No top or middle scoring.,0.00,1.00,1.00,1.00,0.00,0.00,0.00,0.00,0.00,0.00,0.00,3.00,0.00,0.00,0.00,0.00,1.00,1.00,1.00,0.00,3.00,0.00
69,7,Nicholas,very slow. grabber seems to have jammed early this match.,1.00,0.00,0.00,0.00,0.00,0.00,0.00,0.00,0.00,0.00,0.00,0.00,1.00,0.00,0.00,1.00,0.00,0.00,0.00,0.00,0.00,1.00
69,13,Laura,Tippy,1.00,0.00,0.00,0.00,0.00,0.00,0.00,0.00,0.00,1.00,0.00,1.00,1.00,0.00,0.00,0.00,0.00,1.00,0.00,0.00,2.00,1.00
69,18,evn,Never moved. Was being repaired when the match started. Doesn't have an auto. No pick up.,0.00,0.00,0.00,0.00,0.00,0.00,0.00,0.00,0.00,0.00,0.00,0.00,0.00,0.00,0.00,0.00,0.00,0.00,0.00,0.00,0.00,0.00
69,25,Laura,Hard to aim. Can shoot pieces. Almost flipped off backwards trying to balance.,1.00,0.00,0.00,0.00,0.00,0.00,0.00,0.00,0.00,1.00,0.00,1.00,2.00,0.00,0.00,0.00,0.00,1.00,0.00,0.00,2.00,2.00
69,34,Laura,Bad at aiming. Tips easily/ self caused tipping. ,1.00,0.00,0.00,0.00,0.00,0.00,0.00,0.00,0.00,1.00,0.00,0.00,1.00,0.00,1.00,1.00,0.00,0.00,0.00,0.00,1.00,2.00
69,39,evn,Bad auto. Can only do low scoring.,0.00,0.00,0.00,0.00,0.00,0.00,0.00,0.00,0.00,0.00,0.00,4.00,0.00,0.00,0.00,0.00,1.00,1.00,0.00,0.00,4.00,0.00
69,45,Nicholas,"Slow, low scores only.",0.00,0.00,0.00,0.00,0.00,0.00,0.00,0.00,0.00,0.00,0.00,3.00,0.00,0.00,1.00,0.00,1.00,1.00,0.00,0.00,3.00,1.00
69,52,aiden,"Bad auto\n Cubes only.  No top or middle scoring.",0.00,0.00,0.00,0.00,0.00,0.00,0.00,0.00,0.00,0.00,0.00,3.00,0.00,0.00,0.00,0.00,0.00,1.00,0.00,0.00,3.00,0.00
69,58,Mr Cow,"They put a lot of scores. but more importantly, one of the robots got stuck on the railing. how did that happen??",1.00,0.00,0.00,0.00,0.00,0.00,0.00,0.00,0.00,1.00,0.00,1.00,2.00,0.00,0.00,0.00,0.00,0.00,0.00,0.00,2.00,2.00
131,7,Zander,"The grabber is really struggling. threw a couple pieces through the robot. also couldn't pick up a lot of pieces. in auto, they forgot to let go of the preloaded cone and scored it on a cube spot. ",1.00,0.00,0.00,0.00,0.00,0.00,0.00,0.00,0.00,0.00,0.00,0.00,0.00,0.00,1.00,0.00,0.00,0.00,0.00,0.00,0.00,1.00
131,12,Zander,Almost fell over on the charge station several times. Still struggling with the grabber. ,1.00,0.00,0.00,0.00,0.00,0.00,0.00,0.00,0.00,0.00,0.00,2.00,0.00,0.00,1.00,0.00,0.00,1.00,0.00,0.00,2.00,1.00
131,18,Zander,Auto is getting better but still doesn't work as intended. Grabber is also getting a little better. ,1.00,0.00,0.00,0.00,0.00,0.00,1.00,0.00,0.00,0.00,0.00,4.00,0.00,0.00,2.00,0.00,1.00,0.00,0.00,1.00,4.00,2.00
131,22,Laura,Bad at telling front from back when scoring. Had to spend the time to turn around,1.00,1.00,0.00,0.00,0.00,0.00,1.00,0.00,0.00,0.00,0.00,1.00,2.00,0.00,0.00,0.00,1.00,0.00,0.00,1.00,1.00,2.00
131,32,evn,Can pick up cones.,0.00,0.00,0.00,0.00,0.00,0.00,1.00,0.00,0.00,0.00,0.00,0.00,2.00,0.00,2.00,0.00,0.00,0.00,0.00,1.00,0.00,4.00
131,46,Rachel,Robot decided to not go up ramp in auto when should have.Seems unsure about what's happing. can't get up charge station. wheels no grippy ,0.00,0.00,0.00,0.00,0.00,0.00,1.00,0.00,0.00,0.00,1.00,1.00,1.00,0.00,1.00,1.00,0.00,0.00,0.00,1.00,2.00,2.00
131,46,terri,,1.00,0.00,0.00,0.00,0.00,0.00,1.00,0.00,0.00,0.00,0.00,0.00,1.00,0.00,0.00,1.00,0.00,0.00,0.00,1.00,0.00,1.00
131,50,terri,,1.00,0.00,0.00,0.00,0.00,0.00,1.00,0.00,0.00,0.00,0.00,2.00,0.00,0.00,0.00,0.00,0.00,1.00,0.00,1.00,2.00,0.00
131,58,Ms. cow,,1.00,0.00,0.00,1.00,0.00,0.00,0.00,0.00,1.00,0.00,0.00,0.00,2.00,0.00,0.00,0.00,0.00,0.00,1.00,1.00,0.00,2.00
133,1,jason,,0.00,1.00,1.00,0.00,0.00,0.00,1.00,0.00,0.00,1.00,0.00,5.00,1.00,0.00,1.00,0.00,1.00,1.00,0.00,1.00,6.00,2.00
133,13,Zander,Match under review???? why is it always us?,0.00,0.00,1.00,0.00,0.00,0.00,1.00,0.00,0.00,2.00,0.00,4.00,1.00,0.00,0.00,0.00,0.00,1.00,0.00,1.00,6.00,1.00
133,18,jason,,0.00,1.00,1.00,0.00,0.00,0.00,1.00,0.00,0.00,1.00,0.00,4.00,2.00,0.00,1.00,0.00,1.00,1.00,0.00,1.00,5.00,3.00
133,26,Laura,Stupid nerd-bot! The bot is a nerd! The team is a nerd! They're all such stupid nerds! And what's with the bird!? It's supposed to be a SCOTTISH MAN not a stupid nerd bird!,1.00,0.00,1.00,0.00,0.00,0.00,1.00,0.00,0.00,2.00,0.00,5.00,1.00,0.00,0.00,0.00,0.00,1.00,0.00,1.00,7.00,1.00
133,33,evn,lol. ,0.00,1.00,1.00,0.00,0.00,0.00,1.00,0.00,0.00,3.00,0.00,4.00,1.00,0.00,0.00,0.00,1.00,1.00,0.00,1.00,7.00,1.00
133,41,Laura,"Absolutely outstanding drive team! Especially the one they keep calling ""Gabe"" I mean look at that mustache! so majestic!",0.00,0.00,0.00,0.00,0.00,0.00,1.00,0.00,0.00,2.00,0.00,5.00,1.00,0.00,0.00,0.00,0.00,1.00,0.00,1.00,7.00,1.00
133,47,Mr Cow,Wow! did you guys see that purple robot? it has hands!,0.00,0.00,1.00,0.00,0.00,0.00,1.00,0.00,0.00,1.00,0.00,5.00,2.00,0.00,0.00,0.00,0.00,1.00,0.00,1.00,6.00,2.00
133,55,aiden,"Gabe has a fake mustache. Lucas is an ok human player. Keith is the best driver.",0.00,0.00,1.00,0.00,0.00,0.00,1.00,0.00,0.00,1.00,0.00,5.00,1.00,0.00,0.00,0.00,0.00,1.00,0.00,1.00,6.00,1.00
133,59,Ms. cow,So bad,1.00,1.00,1.00,3.00,3.00,9.00,6.00,6.00,9.00,3.00,3.00,9.00,6.00,6.00,9.00,1.00,1.00,1.00,15.00,21.00,15.00,21.00
172,3,Zander,No auto. Slow arm. Good scoring when they can pick things up. ,0.00,0.00,0.00,0.00,0.00,0.00,0.00,0.00,0.00,0.00,3.00,2.00,0.00,0.00,0.00,0.00,0.00,1.00,0.00,0.00,5.00,0.00
172,9,Laura,Hard aim but not bad.,0.00,0.00,0.00,0.00,0.00,1.00,0.00,0.00,0.00,0.00,0.00,2.00,2.00,0.00,0.00,0.00,0.00,0.00,1.00,0.00,2.00,2.00
172,17,evn,,0.00,0.00,0.00,0.00,0.00,0.00,0.00,0.00,0.00,0.00,0.00,0.00,0.00,0.00,0.00,0.00,0.00,0.00,0.00,0.00,0.00,0.00
172,23,JF,Auto went haywire.,1.00,0.00,0.00,1.00,0.00,0.00,0.00,0.00,0.00,0.00,0.00,1.00,0.00,0.00,1.00,0.00,1.00,0.00,1.00,0.00,1.00,1.00
172,28,evn,Missed docking on auto. Can pick up cones. Can pick up from human player station.,0.00,0.00,0.00,1.00,0.00,0.00,0.00,0.00,0.00,0.00,1.00,0.00,2.00,0.00,0.00,0.00,0.00,0.00,1.00,0.00,1.00,2.00
172,36,Laura,Can grab cones from ground but better from human player. ,1.00,0.00,0.00,1.00,0.00,0.00,0.00,0.00,0.00,0.00,1.00,0.00,2.00,0.00,0.00,1.00,0.00,0.00,1.00,0.00,1.00,2.00
172,42,terri,,1.00,0.00,0.00,1.00,0.00,0.00,0.00,0.00,0.00,0.00,1.00,0.00,1.00,2.00,0.00,0.00,0.00,1.00,1.00,0.00,1.00,3.00
172,54,DAB,,1.00,0.00,0.00,1.00,0.00,0.00,0.00,0.00,0.00,0.00,0.00,0.00,2.00,2.00,0.00,0.00,0.00,0.00,1.00,0.00,0.00,4.00
172,59,Mr Cow,They have such a long arm. ,0.00,0.00,0.00,0.00,0.00,0.00,0.00,0.00,1.00,0.00,0.00,4.00,0.00,0.00,0.00,0.00,0.00,0.00,0.00,1.00,4.00,0.00
319,6,jason,Started on the left does what we do but faster in terms of priorities,0.00,1.00,1.00,1.00,0.00,0.00,1.00,0.00,0.00,0.00,0.00,5.00,1.00,0.00,1.00,0.00,1.00,1.00,1.00,1.00,5.00,2.00
319,14,aiden,Good defense. Efficient. Fast. Can do high scoring. Can pick up from human player station. goes for cubes in tele,1.00,0.00,1.00,1.00,0.00,0.00,1.00,0.00,0.00,1.00,0.00,7.00,1.00,0.00,0.00,0.00,0.00,1.00,1.00,1.00,8.00,1.00
319,21,jason,Fast and efficient,1.00,0.00,0.00,1.00,0.00,0.00,1.00,0.00,0.00,0.00,0.00,3.00,3.00,1.00,0.00,1.00,0.00,0.00,1.00,1.00,3.00,4.00
319,28,Nicholas,Efficient. Fast. Can do high scoring.Did tip over but righted itself,1.00,1.00,1.00,1.00,0.00,0.00,1.00,0.00,0.00,1.00,0.00,3.00,2.00,0.00,0.00,1.00,0.00,0.00,1.00,1.00,4.00,2.00
319,33,Rachel,Mostly low scoring,0.00,0.00,0.00,0.00,0.00,0.00,0.00,0.00,0.00,0.00,0.00,2.00,3.00,0.00,1.00,0.00,0.00,1.00,0.00,0.00,2.00,4.00
319,37,Laura,"Match Was canceled. 1st match they moved quickly and were snappy with their movements. 2nd time recorded is the points above and as follows:\nSame as 1st try except for having a harder time with auto.",1.00,1.00,0.00,1.00,0.00,0.00,1.00,0.00,0.00,0.00,0.00,2.00,3.00,0.00,0.00,0.00,0.00,1.00,1.00,1.00,2.00,3.00
319,45,Laura,I have nothing new to add. I like the googly eyes,1.00,0.00,0.00,1.00,0.00,0.00,1.00,0.00,0.00,1.00,0.00,3.00,1.00,0.00,0.00,0.00,0.00,1.00,1.00,1.00,4.00,1.00
319,50,DAB,,1.00,0.00,0.00,1.00,0.00,0.00,1.00,0.00,0.00,0.00,0.00,0.00,5.00,0.00,0.00,1.00,0.00,0.00,1.00,1.00,0.00,5.00
501,2,jason,9101 auto fail possibly effecting them,0.00,1.00,0.00,0.00,0.00,0.00,0.00,0.00,0.00,0.00,0.00,0.00,0.00,0.00,0.00,0.00,0.00,0.00,0.00,0.00,0.00,0.00
501,7,Laura,Bad at holding onto pieces. Shakey arm. Hanging off edge of balance to try and make room.,0.00,0.00,0.00,0.00,0.00,0.00,0.00,0.00,1.00,0.00,0.00,2.00,1.00,0.00,0.00,0.00,0.00,1.00,0.00,1.00,2.00,1.00
501,15,aiden,Slow. goes for cubes in tele. No top or middle scoring.,1.00,0.00,0.00,0.00,0.00,1.00,0.00,0.00,0.00,0.00,0.00,6.00,0.00,0.00,0.00,0.00,0.00,1.00,1.00,0.00,6.00,0.00
501,22,Zander,kinda slow scoring,0.00,0.00,0.00,0.00,0.00,0.00,0.00,0.00,1.00,0.00,1.00,2.00,0.00,0.00,0.00,1.00,0.00,0.00,0.00,1.00,3.00,0.00
501,36,Mr Cow,Slow auto. chases pieces around before it can grab them. ,0.00,0.00,0.00,0.00,0.00,0.00,0.00,0.00,1.00,0.00,0.00,4.00,0.00,0.00,0.00,0.00,0.00,1.00,0.00,1.00,4.00,0.00
501,48,DAB,,0.00,1.00,0.00,0.00,0.00,0.00,0.00,0.00,1.00,0.00,0.00,5.00,0.00,0.00,0.00,0.00,1.00,0.00,0.00,1.00,5.00,0.00
501,52,DAB,No auto.,0.00,0.00,0.00,0.00,0.00,0.00,0.00,0.00,0.00,0.00,1.00,2.00,0.00,0.00,1.00,0.00,0.00,1.00,0.00,0.00,3.00,1.00
501,56,Mr Cow,That robot is too tired to function. I can relate. Or maybe they were just stuck. ,1.00,0.00,0.00,0.00,0.00,0.00,0.00,0.00,1.00,0.00,0.00,2.00,0.00,0.00,0.00,0.00,0.00,1.00,0.00,1.00,2.00,0.00
509,7,logan,Fast drive good with cubes,0.00,0.00,1.00,0.00,0.00,0.00,1.00,0.00,0.00,0.00,0.00,5.00,0.00,0.00,0.00,0.00,0.00,1.00,0.00,1.00,5.00,0.00
509,12,Laura,Can throw pieces,0.00,1.00,0.00,0.00,0.00,0.00,1.00,0.00,0.00,1.00,0.00,2.00,1.00,0.00,0.00,0.00,0.00,1.00,0.00,1.00,3.00,1.00
509,20,Zander,Other two robots died. then they spun around and died. that was really sad,0.00,1.00,0.00,0.00,0.00,0.00,1.00,0.00,0.00,2.00,0.00,0.00,0.00,0.00,0.00,0.00,1.00,0.00,0.00,1.00,2.00,0.00
509,25,Nicholas,"quick, and can get both cones and cubes. just okay overall.",1.00,1.00,1.00,0.00,0.00,0.00,1.00,0.00,0.00,1.00,0.00,0.00,1.00,0.00,2.00,0.00,1.00,1.00,0.00,1.00,1.00,3.00
509,29,JF,Poor control of arm. They drop many pieces.,1.00,0.00,0.00,0.00,0.00,0.00,1.00,0.00,0.00,0.00,0.00,1.00,0.00,0.00,0.00,0.00,0.00,1.00,0.00,1.00,1.00,0.00
509,37,aiden,match canceled and restarted. okey speed.,0.00,0.00,0.00,0.00,0.00,0.00,1.00,0.00,0.00,1.00,0.00,2.00,1.00,0.00,0.00,0.00,0.00,1.00,0.00,1.00,3.00,1.00
509,43,Nicholas,"its grip slipped on a couple of pieces, both cones. otherwise has a decent auto and  can move quickly",1.00,1.00,1.00,0.00,0.00,0.00,1.00,0.00,0.00,0.00,0.00,2.00,0.00,0.00,1.00,0.00,0.00,0.00,0.00,1.00,2.00,1.00
509,51,DAB,,0.00,0.00,1.00,0.00,0.00,0.00,1.00,0.00,0.00,0.00,0.00,5.00,0.00,0.00,0.00,0.00,0.00,1.00,0.00,1.00,5.00,0.00
811,3,Rachel,Struggles in in eveything. clunky movement,1.00,0.00,0.00,0.00,0.00,0.00,0.00,1.00,0.00,0.00,0.00,1.00,0.00,0.00,0.00,0.00,0.00,1.00,0.00,1.00,1.00,0.00
811,12,jason,"Shockwaves mentors design the robot and the kids build it, no good attributes to be found",0.00,0.00,0.00,0.00,0.00,0.00,0.00,0.00,0.00,0.00,0.00,0.00,0.00,1.00,0.00,0.00,0.00,0.00,0.00,0.00,0.00,1.00
811,19,Nicholas,Slow.,1.00,0.00,0.00,0.00,0.00,0.00,0.00,0.00,0.00,0.00,0.00,0.00,0.00,0.00,1.00,1.00,0.00,0.00,0.00,0.00,0.00,1.00
811,23,Laura,"Can take a beating, though the cones can break off",1.00,0.00,0.00,0.00,0.00,0.00,0.00,0.00,1.00,0.00,0.00,0.00,0.00,1.00,1.00,1.00,0.00,0.00,0.00,1.00,0.00,2.00
811,30,jason,Meh,0.00,0.00,0.00,0.00,0.00,0.00,0.00,0.00,0.00,0.00,0.00,0.00,0.00,3.00,1.00,1.00,0.00,0.00,0.00,0.00,0.00,4.00
811,40,Laura,Can push but needs human player to carry. Gets shaky when going fast or moving the wrong way. ,1.00,0.00,0.00,0.00,0.00,0.00,0.00,1.00,0.00,0.00,0.00,0.00,0.00,3.00,0.00,1.00,0.00,0.00,0.00,1.00,0.00,3.00
811,44,Rachel,Tippy. 58 ran into it so hard it flew a  couple feet is on its side and the battery is falling out of the robot. ,1.00,0.00,0.00,0.00,0.00,0.00,0.00,0.00,1.00,0.00,0.00,0.00,1.00,1.00,0.00,0.00,0.00,0.00,0.00,1.00,0.00,2.00
811,49,Mr Cow,So big. so slow. so tippy when they go fast,0.00,0.00,0.00,0.00,0.00,0.00,0.00,0.00,0.00,0.00,0.00,2.00,0.00,0.00,0.00,0.00,0.00,1.00,0.00,0.00,2.00,0.00
811,56,terri,,1.00,0.00,0.00,0.00,0.00,0.00,0.00,0.00,0.00,0.00,0.00,0.00,0.00,1.00,1.00,0.00,0.00,1.00,0.00,0.00,0.00,2.00
1099,5,Nicholas,Efficient. slow placing on top but has the capability. fairly fast grabbing game pieces.,0.00,0.00,0.00,0.00,0.00,0.00,0.00,0.00,0.00,1.00,0.00,2.00,0.00,0.00,0.00,0.00,1.00,1.00,0.00,0.00,3.00,0.00
1099,11,jason,Almost tipped while turning looks like a low rider when turning,0.00,1.00,1.00,0.00,0.00,0.00,0.00,0.00,1.00,0.00,1.00,2.00,0.00,0.00,0.00,0.00,1.00,0.00,0.00,1.00,3.00,0.00
1099,16,aiden,Slow. tippy. popped 2 cubes.  Bottoms out on ramp.  Cubes only.  bad Auto.  DON'T PICK!,0.00,0.00,1.00,0.00,0.00,0.00,0.00,0.00,0.00,0.00,0.00,3.00,0.00,0.00,0.00,0.00,0.00,1.00,0.00,0.00,3.00,0.00
1099,24,Laura,"Bad at grabbing, can't grab cones, barely can grab cubes. Tippy. Could tip itself",1.00,0.00,0.00,0.00,0.00,0.00,0.00,0.00,1.00,0.00,0.00,3.00,0.00,0.00,0.00,1.00,0.00,0.00,0.00,1.00,3.00,0.00
1099,34,evn,Slow. Failed the dock at the end.,0.00,0.00,0.00,0.00,0.00,0.00,0.00,0.00,1.00,0.00,0.00,3.00,0.00,0.00,2.00,0.00,0.00,0.00,0.00,1.00,3.00,2.00
1099,46,Mr Cow,Got stuck on the wall in auto. another very tippy robot. also enjoys chasing the pieces. like a dog who plays fetch with itself. Can't climb charge station well. ,0.00,0.00,0.00,0.00,0.00,0.00,0.00,0.00,0.00,0.00,0.00,2.00,0.00,0.00,1.00,0.00,0.00,0.00,0.00,0.00,2.00,1.00
1099,55,Mr Cow,Slow and clunky,0.00,0.00,0.00,0.00,0.00,0.00,0.00,0.00,1.00,0.00,1.00,1.00,0.00,0.00,0.00,0.00,0.00,0.00,0.00,1.00,2.00,0.00
1099,60,jason,,0.00,0.00,0.00,0.00,0.00,0.00,0.00,0.00,0.00,0.00,0.00,0.00,0.00,0.00,0.00,0.00,0.00,0.00,0.00,0.00,0.00,0.00
1247,1,Rachel,,0.00,0.00,0.00,0.00,0.00,0.00,0.00,0.00,0.00,0.00,0.00,0.00,0.00,0.00,0.00,0.00,0.00,0.00,0.00,0.00,0.00,0.00
1247,11,logan,Died,0.00,0.00,0.00,0.00,0.00,0.00,0.00,0.00,0.00,0.00,1.00,0.00,0.00,0.00,0.00,0.00,0.00,0.00,0.00,0.00,1.00,0.00
1247,15,Nicholas,Didn't do much in general.,1.00,0.00,0.00,0.00,0.00,0.00,0.00,0.00,0.00,0.00,0.00,0.00,0.00,1.00,0.00,0.00,0.00,0.00,0.00,0.00,0.00,1.00
1247,22,jason,Placement method is just letting the arm flop down,1.00,0.00,0.00,0.00,0.00,0.00,0.00,0.00,0.00,0.00,2.00,0.00,0.00,0.00,0.00,0.00,1.00,0.00,0.00,0.00,2.00,0.00
1247,23,jason,,0.00,0.00,0.00,0.00,0.00,0.00,0.00,0.00,0.00,0.00,0.00,0.00,0.00,0.00,0.00,0.00,0.00,0.00,0.00,0.00,0.00,0.00
1247,28,Laura,Dropped cube in auto. Temporary disconnection. ,1.00,0.00,0.00,0.00,0.00,0.00,0.00,0.00,0.00,0.00,1.00,2.00,0.00,0.00,0.00,0.00,0.00,1.00,0.00,0.00,3.00,0.00
1247,37,Mr Cow,Grabber no worky. they make a the pizza. Their arm got stuck and it looked like they were making the Italian hand gesture. ,1.00,0.00,0.00,0.00,0.00,0.00,0.00,0.00,0.00,0.00,0.00,0.00,0.00,0.00,0.00,0.00,0.00,0.00,0.00,0.00,0.00,0.00
1247,42,Mr Cow,claw is working now. still looks like the robot would have a limp handshake. I lied. claw is stuck again. ,0.00,0.00,0.00,0.00,0.00,0.00,0.00,0.00,0.00,0.00,0.00,1.00,0.00,0.00,0.00,0.00,0.00,1.00,0.00,0.00,1.00,0.00
1247,49,DAB,,1.00,0.00,0.00,0.00,0.00,0.00,0.00,0.00,0.00,0.00,1.00,2.00,0.00,0.00,0.00,0.00,1.00,0.00,0.00,0.00,3.00,0.00
1247,55,terri,,0.00,0.00,0.00,0.00,0.00,0.00,0.00,0.00,0.00,0.00,0.00,0.00,0.00,0.00,0.00,0.00,0.00,1.00,0.00,0.00,0.00,0.00
1350,6,Laura,It started clicking and shaking. Something must've broken.,0.00,0.00,0.00,0.00,0.00,1.00,0.00,0.00,0.00,0.00,0.00,0.00,0.00,0.00,0.00,0.00,0.00,0.00,1.00,0.00,0.00,0.00
1350,12,Nicholas,Disconnected was able to reconnect for a short while a couple times.,0.00,0.00,0.00,0.00,0.00,1.00,0.00,0.00,0.00,0.00,0.00,0.00,0.00,0.00,0.00,0.00,0.00,0.00,1.00,0.00,0.00,0.00
1350,16,Zander,"No auto. Grabber bent the wrong way and couldn't work anymore. Not bad at defense,  but not great either. ",0.00,0.00,0.00,0.00,0.00,0.00,0.00,0.00,0.00,0.00,0.00,2.00,0.00,0.00,0.00,0.00,0.00,1.00,0.00,0.00,2.00,0.00
1350,26,jason,Crossed center line auto mostly defense,1.00,0.00,0.00,0.00,0.00,0.00,0.00,0.00,0.00,0.00,0.00,1.00,0.00,0.00,0.00,0.00,1.00,1.00,0.00,0.00,1.00,0.00
1350,30,evn,Got stuck in a loop while balancing ramp in auto. Lost connection with 80 seconds left.,0.00,0.00,0.00,0.00,0.00,1.00,0.00,0.00,0.00,0.00,0.00,0.00,0.00,0.00,0.00,0.00,0.00,0.00,1.00,0.00,0.00,0.00
1350,36,Nicholas,No.,0.00,0.00,0.00,0.00,0.00,1.00,0.00,0.00,0.00,0.00,1.00,0.00,0.00,0.00,0.00,0.00,1.00,1.00,1.00,0.00,1.00,0.00
1350,43,Mr Cow,They had a hard time getting pieces from the human player station. but they didn't try getting pieces from other places. ,0.00,0.00,0.00,0.00,0.00,0.00,0.00,0.00,0.00,0.00,2.00,0.00,0.00,0.00,0.00,0.00,0.00,0.00,0.00,0.00,2.00,0.00
1350,50,Rachel,Broke down. DON'T PICK! Slow.,0.00,0.00,0.00,0.00,0.00,0.00,0.00,0.00,0.00,0.00,0.00,0.00,0.00,0.00,0.00,0.00,0.00,0.00,0.00,0.00,0.00,0.00
1350,55,logan,,0.00,0.00,0.00,0.00,0.00,0.00,0.00,0.00,0.00,0.00,0.00,0.00,0.00,0.00,0.00,0.00,0.00,0.00,0.00,0.00,0.00,0.00
1474,2,Nicholas,Doesn't have an auto. Slow. Broke down.,0.00,0.00,0.00,0.00,0.00,0.00,0.00,0.00,0.00,0.00,0.00,0.00,0.00,0.00,0.00,0.00,0.00,0.00,0.00,0.00,0.00,0.00
1474,13,DAB,Slow. no auto.,0.00,0.00,0.00,0.00,0.00,0.00,0.00,0.00,0.00,3.00,0.00,0.00,0.00,0.00,0.00,0.00,0.00,1.00,0.00,0.00,3.00,0.00
1474,17,Laura,Think claw machine without the walls. Definitely ment for cubes. ,0.00,0.00,0.00,1.00,0.00,0.00,0.00,0.00,0.00,0.00,0.00,0.00,0.00,0.00,2.00,1.00,0.00,0.00,1.00,0.00,0.00,2.00
1474,26,JF,,1.00,0.00,0.00,1.00,0.00,0.00,0.00,0.00,0.00,0.00,0.00,1.00,2.00,0.00,0.00,1.00,0.00,0.00,1.00,0.00,1.00,2.00
1474,34,Rachel,bad at pick up. too confident. went to fast and messed up charged station,1.00,0.00,0.00,1.00,0.00,0.00,0.00,0.00,0.00,0.00,0.00,2.00,0.00,0.00,0.00,1.00,0.00,0.00,1.00,0.00,2.00,0.00
1474,39,Nicholas,"Slow, didn't do too well at all.",1.00,0.00,0.00,1.00,0.00,0.00,0.00,0.00,0.00,1.00,0.00,0.00,1.00,0.00,0.00,0.00,0.00,0.00,1.00,0.00,1.00,1.00
1474,46,Nicholas,They did.,0.00,0.00,0.00,0.00,0.00,0.00,0.00,0.00,1.00,0.00,0.00,3.00,0.00,0.00,0.00,0.00,1.00,1.00,0.00,1.00,3.00,0.00
1474,51,terri,Lost a round rubber gripper,1.00,0.00,0.00,1.00,0.00,0.00,0.00,0.00,0.00,0.00,0.00,0.00,1.00,0.00,0.00,0.00,0.00,1.00,1.00,0.00,0.00,1.00
1512,1,Nicholas,Slow. Can do high scoring.,1.00,0.00,0.00,0.00,0.00,0.00,0.00,0.00,0.00,1.00,0.00,0.00,2.00,0.00,0.00,0.00,1.00,1.00,0.00,0.00,1.00,2.00
1512,14,Nicholas,"slow at placing, quick elsewhere",1.00,0.00,0.00,0.00,0.00,0.00,1.00,0.00,0.00,1.00,0.00,1.00,1.00,0.00,0.00,0.00,1.00,1.00,0.00,1.00,2.00,1.00
1512,19,Jennifer,Slow. Tippy. Dropped cones when adding to top two times,1.00,0.00,0.00,0.00,0.00,0.00,1.00,0.00,0.00,1.00,0.00,0.00,0.00,0.00,0.00,0.00,1.00,0.00,0.00,1.00,1.00,0.00
1512,23,jason,Idk,0.00,0.00,0.00,0.00,0.00,0.00,1.00,0.00,0.00,2.00,0.00,0.00,1.00,0.00,0.00,0.00,1.00,1.00,0.00,1.00,2.00,1.00
1512,34,Mr Cow,Had a hard time placing pieces. Very wobbly. ,1.00,0.00,0.00,0.00,0.00,0.00,1.00,0.00,0.00,0.00,0.00,0.00,0.00,0.00,1.00,1.00,0.00,0.00,0.00,1.00,0.00,1.00
1512,41,terri,,0.00,0.00,0.00,1.00,0.00,0.00,0.00,0.00,0.00,0.00,0.00,0.00,0.00,0.00,0.00,0.00,0.00,1.00,1.00,0.00,0.00,0.00
1512,47,Laura,I got distracted with us,0.00,0.00,0.00,0.00,0.00,0.00,1.00,0.00,0.00,1.00,0.00,0.00,1.00,0.00,0.00,0.00,0.00,1.00,0.00,1.00,1.00,1.00
1512,53,Mr Cow,a lot wobbly. but they do okay at stuff  ,1.00,0.00,0.00,0.00,0.00,0.00,1.00,0.00,0.00,1.00,0.00,1.00,1.00,0.00,0.00,0.00,1.00,0.00,0.00,1.00,2.00,1.00
1512,57,terri,,1.00,0.00,0.00,0.00,0.00,0.00,1.00,0.00,0.00,1.00,0.00,0.00,0.00,0.00,0.00,0.00,1.00,0.00,0.00,1.00,1.00,0.00
1721,5,jason,Were blocked in the beginning by 4034 so possibly one more point good with the charge station,0.00,0.00,0.00,1.00,0.00,0.00,0.00,0.00,0.00,0.00,0.00,0.00,2.00,0.00,0.00,0.00,1.00,1.00,1.00,0.00,0.00,2.00
1721,12,DAB,Slow.,0.00,0.00,0.00,1.00,0.00,0.00,0.00,0.00,0.00,0.00,0.00,0.00,2.00,0.00,0.00,1.00,0.00,0.00,1.00,0.00,0.00,2.00
1721,21,Zander,Bad at holding on to things. went over line in auto,1.00,0.00,0.00,1.00,0.00,0.00,0.00,0.00,0.00,0.00,0.00,0.00,1.00,0.00,0.00,0.00,0.00,1.00,1.00,0.00,0.00,1.00
1721,26,Nicholas,Slow. No top or middle scoring.,0.00,0.00,0.00,0.00,0.00,1.00,0.00,0.00,0.00,0.00,0.00,2.00,0.00,0.00,0.00,0.00,0.00,0.00,1.00,0.00,2.00,0.00
1721,32,DAB,,1.00,0.00,0.00,1.00,0.00,0.00,0.00,0.00,0.00,0.00,0.00,0.00,2.00,1.00,0.00,0.00,0.00,1.00,1.00,0.00,0.00,3.00
1721,37,Nicholas,Went over the line during auto. ,1.00,0.00,0.00,1.00,0.00,0.00,0.00,0.00,0.00,0.00,0.00,3.00,0.00,0.00,0.00,1.00,0.00,0.00,1.00,0.00,3.00,0.00
1721,42,Laura,They seemed afraid of the cube as they approach it very slowly. Partly landed on Alliance member when trying to balance,1.00,0.00,0.00,1.00,0.00,0.00,0.00,0.00,0.00,1.00,0.00,0.00,1.00,0.00,0.00,0.00,0.00,1.00,1.00,0.00,1.00,1.00
1721,54,logan,,1.00,0.00,0.00,0.00,0.00,0.00,1.00,0.00,0.00,0.00,0.00,0.00,1.00,1.00,1.00,0.00,0.00,0.00,0.00,1.00,0.00,3.00
1729,4,Laura,Engages easily,0.00,0.00,1.00,0.00,0.00,0.00,0.00,0.00,0.00,0.00,3.00,1.00,0.00,0.00,0.00,0.00,0.00,1.00,0.00,0.00,4.00,0.00
1729,12,aiden,Efficient. Can pick up from human player station. Can do high scoring.,0.00,0.00,1.00,0.00,0.00,0.00,0.00,0.00,0.00,2.00,0.00,2.00,0.00,0.00,0.00,0.00,0.00,1.00,0.00,0.00,4.00,0.00
1729,17,Zander,Only gets cubes from human player station. doesn't like cones. moves very slow. ,0.00,0.00,1.00,0.00,0.00,0.00,0.00,0.00,0.00,2.00,0.00,1.00,0.00,0.00,1.00,0.00,0.00,1.00,0.00,0.00,3.00,1.00
1729,27,Laura,Seems to have a hard.time picking up off the ground? ,1.00,0.00,1.00,0.00,0.00,0.00,0.00,0.00,0.00,0.00,0.00,2.00,0.00,0.00,0.00,0.00,0.00,1.00,0.00,0.00,2.00,0.00
1729,33,Laura,Fast. Only takes from human player,1.00,0.00,0.00,0.00,0.00,0.00,0.00,0.00,0.00,1.00,0.00,3.00,0.00,0.00,0.00,0.00,0.00,1.00,0.00,0.00,4.00,0.00
1729,40,Nicholas,"Didn't do too well this time, were kinda slow",1.00,1.00,1.00,0.00,0.00,0.00,0.00,0.00,0.00,0.00,1.00,3.00,0.00,0.00,0.00,0.00,1.00,1.00,0.00,0.00,4.00,0.00
1729,47,evn,Slow. Bad at getting cubes.,0.00,1.00,1.00,0.00,0.00,0.00,0.00,0.00,0.00,1.00,0.00,1.00,0.00,0.00,0.00,0.00,0.00,0.00,0.00,0.00,2.00,0.00
1729,54,terri,,0.00,0.00,1.00,0.00,0.00,0.00,0.00,0.00,0.00,1.00,3.00,0.00,0.00,0.00,0.00,1.00,0.00,0.00,0.00,0.00,4.00,0.00
1831,6,Nicholas,Doesn't have an auto. Poor defense,0.00,0.00,0.00,0.00,0.00,0.00,0.00,0.00,0.00,0.00,0.00,1.00,0.00,0.00,0.00,0.00,1.00,1.00,0.00,0.00,1.00,0.00
1831,10,logan,,0.00,0.00,0.00,0.00,0.00,0.00,0.00,0.00,0.00,0.00,0.00,0.00,0.00,0.00,0.00,0.00,0.00,0.00,0.00,0.00,0.00,0.00
1831,18,Nicholas,No auto.slow arm but maneuverable,0.00,0.00,0.00,0.00,0.00,0.00,0.00,0.00,0.00,1.00,0.00,2.00,0.00,0.00,0.00,1.00,0.00,0.00,0.00,0.00,3.00,0.00
1831,23,logan,,0.00,0.00,0.00,0.00,0.00,0.00,0.00,0.00,0.00,0.00,0.00,2.00,0.00,0.00,0.00,0.00,1.00,0.00,0.00,0.00,2.00,0.00
1831,29,Laura,No auto. Choppy movement. Hard to take from human player. Doesn't take from ground. ,0.00,0.00,0.00,0.00,0.00,0.00,0.00,0.00,0.00,0.00,0.00,2.00,0.00,0.00,0.00,1.00,0.00,0.00,0.00,0.00,2.00,0.00
1831,35,Rachel,No auto. radio hanging out of robot. did nothing,0.00,0.00,0.00,0.00,0.00,0.00,0.00,0.00,0.00,0.00,0.00,1.00,0.00,0.00,0.00,1.00,0.00,0.00,0.00,0.00,1.00,0.00
1831,42,Nicholas,No auto. really jerky. ,0.00,0.00,0.00,0.00,0.00,0.00,0.00,0.00,0.00,0.00,0.00,0.00,0.00,0.00,0.00,0.00,1.00,1.00,0.00,0.00,0.00,0.00
1831,51,Mr Cow,"Super effective soccer bot. they broke their teammate's grabber. that wasn't very nice. also, screaming eagles should be the other team because holy cow do they scream a lot. ",0.00,0.00,0.00,0.00,0.00,0.00,0.00,0.00,0.00,0.00,0.00,5.00,0.00,0.00,0.00,0.00,0.00,0.00,0.00,0.00,5.00,0.00
2342,7,jason,Started middle fast at pickup placement and movement would definitely recommend,0.00,0.00,0.00,1.00,0.00,0.00,0.00,0.00,0.00,2.00,2.00,1.00,0.00,0.00,0.00,0.00,1.00,1.00,1.00,0.00,5.00,0.00
2342,11,Nicholas,Efficient,0.00,0.00,0.00,0.00,1.00,0.00,0.00,0.00,0.00,1.00,0.00,4.00,0.00,0.00,0.00,0.00,0.00,0.00,1.00,0.00,5.00,0.00
2342,16,jason,Started middle got cornered near the end,0.00,0.00,0.00,1.00,0.00,0.00,0.00,0.00,0.00,0.00,0.00,3.00,0.00,0.00,0.00,0.00,1.00,1.00,1.00,0.00,3.00,0.00
2342,23,Nicholas,Efficient.,0.00,1.00,1.00,1.00,0.00,0.00,0.00,0.00,0.00,0.00,2.00,2.00,0.00,0.00,0.00,0.00,1.00,1.00,1.00,0.00,4.00,0.00
2342,29,evn,Knocking lots of things down. Can pick up from human player station. Can pick up cones. Trouble with picking things up.,0.00,0.00,0.00,0.00,0.00,1.00,0.00,0.00,0.00,0.00,0.00,2.00,1.00,0.00,0.00,0.00,1.00,1.00,1.00,0.00,2.00,1.00
2342,35,Mr Cow,,0.00,0.00,1.00,1.00,0.00,0.00,0.00,0.00,0.00,2.00,0.00,3.00,0.00,0.00,0.00,0.00,0.00,1.00,1.00,0.00,5.00,0.00
2342,45,terri,,0.00,0.00,1.00,0.00,1.00,0.00,0.00,0.00,0.00,2.00,0.00,2.00,0.00,0.00,0.00,0.00,0.00,1.00,1.00,0.00,4.00,0.00
2342,50,Laura,I zoned out halfway through the match,1.00,0.00,1.00,0.00,1.00,0.00,0.00,0.00,0.00,2.00,0.00,1.00,0.00,0.00,0.00,0.00,0.00,1.00,1.00,0.00,3.00,0.00
2549,25,JF,,0.00,0.00,0.00,0.00,0.00,0.00,0.00,0.00,0.00,0.00,0.00,0.00,0.00,0.00,0.00,0.00,0.00,0.00,0.00,0.00,0.00,0.00
2648,5,logan,Has hard time picking up cones and cubes also very slow,0.00,0.00,0.00,0.00,0.00,0.00,1.00,0.00,0.00,1.00,0.00,0.00,2.00,0.00,0.00,1.00,0.00,0.00,0.00,1.00,1.00,2.00
2648,9,logan,,1.00,0.00,0.00,0.00,0.00,0.00,1.00,0.00,0.00,1.00,1.00,0.00,2.00,1.00,1.00,0.00,0.00,1.00,0.00,1.00,2.00,4.00
2648,17,DAB,,1.00,0.00,0.00,0.00,0.00,0.00,1.00,0.00,0.00,0.00,0.00,2.00,2.00,2.00,0.00,1.00,0.00,0.00,0.00,1.00,2.00,4.00
2648,17,evn,Slow. Can do high scoring. Can pick up cones.,0.00,0.00,0.00,0.00,0.00,0.00,1.00,0.00,0.00,0.00,0.00,2.00,1.00,2.00,0.00,0.00,0.00,0.00,0.00,1.00,2.00,3.00
2648,25,JF,,1.00,0.00,0.00,0.00,0.00,0.00,0.00,0.00,1.00,0.00,0.00,3.00,0.00,0.00,0.00,0.00,0.00,1.00,0.00,1.00,3.00,0.00
2648,31,Nicholas,"Quick, but only went for low goals.",0.00,0.00,0.00,0.00,0.00,0.00,0.00,0.00,0.00,0.00,0.00,4.00,0.00,0.00,1.00,0.00,0.00,0.00,0.00,0.00,4.00,1.00
2648,38,Laura,If not careful will flip simply by stopping. Slid off balancing. ,1.00,0.00,0.00,0.00,0.00,0.00,1.00,0.00,0.00,2.00,0.00,2.00,0.00,0.00,0.00,1.00,0.00,0.00,0.00,1.00,4.00,0.00
2648,42,evn,Fast. Efficient. Can pick up cones. Can do high scoring. Can pick up from human player station. Arm appears to have partially broke.,0.00,0.00,0.00,0.00,0.00,0.00,1.00,0.00,0.00,1.00,0.00,0.00,2.00,0.00,0.00,1.00,0.00,0.00,0.00,1.00,1.00,2.00
2648,50,jason,,0.00,0.00,0.00,0.00,0.00,0.00,0.00,0.00,0.00,0.00,0.00,0.00,0.00,0.00,0.00,0.00,0.00,0.00,0.00,0.00,0.00,0.00
2648,57,aiden,,0.00,0.00,0.00,0.00,0.00,0.00,1.00,0.00,0.00,0.00,0.00,2.00,2.00,0.00,0.00,0.00,1.00,0.00,0.00,1.00,2.00,2.00
3451,7,Rachel,Bad piece handling. unstable. might have died or just forgot to park at end.,1.00,0.00,0.00,0.00,0.00,0.00,0.00,0.00,0.00,0.00,0.00,1.00,0.00,0.00,0.00,0.00,0.00,0.00,0.00,0.00,1.00,0.00
3451,11,Laura,Moved forward without placing cube. Slow. Almost fell forward off of balance,0.00,0.00,0.00,0.00,0.00,0.00,0.00,0.00,0.00,0.00,1.00,0.00,0.00,1.00,0.00,0.00,0.00,0.00,0.00,0.00,1.00,1.00
3451,20,jason,don't recommend,1.00,0.00,0.00,0.00,0.00,0.00,0.00,0.00,0.00,0.00,0.00,3.00,0.00,0.00,0.00,0.00,0.00,0.00,0.00,0.00,3.00,0.00
3451,27,evn,Slow. Can pick up sideways cones. Can only do low scoring. Missed a cube while low scoring.,0.00,1.00,1.00,0.00,0.00,0.00,0.00,0.00,0.00,0.00,0.00,2.00,0.00,0.00,1.00,0.00,1.00,1.00,0.00,0.00,2.00,1.00
3451,31,JF,,1.00,0.00,0.00,0.00,0.00,0.00,0.00,0.00,0.00,0.00,0.00,2.00,0.00,1.00,1.00,0.00,0.00,1.00,0.00,0.00,2.00,2.00
3451,35,Nicholas,Slow. Can pick up cones.,0.00,1.00,0.00,0.00,1.00,0.00,0.00,0.00,0.00,0.00,0.00,0.00,0.00,0.00,2.00,0.00,1.00,1.00,1.00,0.00,0.00,2.00
3451,48,terri,,0.00,1.00,0.00,0.00,0.00,0.00,0.00,0.00,0.00,0.00,2.00,1.00,0.00,0.00,0.00,0.00,1.00,0.00,0.00,0.00,3.00,0.00
3451,53,logan,,0.00,1.00,0.00,0.00,0.00,0.00,0.00,0.00,0.00,0.00,0.00,0.00,0.00,2.00,0.00,1.00,0.00,0.00,0.00,0.00,0.00,2.00
3451,57,Mr Cow,The claaaawwww. very inefficient piece placing,0.00,0.00,0.00,0.00,0.00,0.00,0.00,0.00,0.00,0.00,0.00,1.00,0.00,0.00,1.00,0.00,0.00,0.00,0.00,0.00,1.00,1.00
3597,2,Laura,Mostly carried their alliance.,0.00,0.00,0.00,1.00,0.00,0.00,0.00,0.00,0.00,0.00,1.00,0.00,1.00,0.00,1.00,0.00,0.00,0.00,1.00,0.00,1.00,2.00
3597,8,Nicholas,"Loose grabber, kept dropping after getting bumped into. otherwise moved efficiently.",0.00,0.00,0.00,1.00,0.00,0.00,0.00,0.00,0.00,0.00,0.00,0.00,2.00,0.00,0.00,0.00,1.00,1.00,1.00,0.00,0.00,2.00
3597,19,jason,Tank drive with 4 normal wheels on outside,1.00,0.00,0.00,1.00,0.00,0.00,0.00,0.00,0.00,0.00,0.00,0.00,0.00,0.00,1.00,0.00,1.00,1.00,1.00,0.00,0.00,1.00
3597,24,logan,,1.00,0.00,0.00,0.00,0.00,0.00,1.00,0.00,0.00,0.00,0.00,0.00,2.00,0.00,0.00,0.00,0.00,1.00,0.00,1.00,0.00,2.00
3597,30,aiden,Slow. crossed the white line during auto. drops cones and cubes,0.00,0.00,0.00,0.00,0.00,0.00,0.00,0.00,0.00,1.00,0.00,0.00,0.00,0.00,0.00,0.00,0.00,1.00,0.00,0.00,1.00,0.00
3597,35,DAB,,0.00,0.00,0.00,0.00,0.00,0.00,1.00,0.00,0.00,0.00,1.00,0.00,1.00,0.00,0.00,0.00,0.00,1.00,0.00,1.00,1.00,1.00
3597,45,Rachel,Slow grabbing. slow placing. Slow all around. ,1.00,0.00,0.00,1.00,0.00,0.00,0.00,0.00,0.00,0.00,0.00,0.00,2.00,0.00,0.00,0.00,0.00,1.00,1.00,0.00,0.00,2.00
3597,51,Laura,Missed second cube in auto. Pitches all the pieces. Good communication between drivers and human player. ,1.00,0.00,0.00,1.00,0.00,0.00,0.00,0.00,0.00,0.00,0.00,0.00,2.00,0.00,1.00,1.00,0.00,0.00,1.00,0.00,0.00,3.00
3597,58,terri,Died after auto,1.00,0.00,0.00,0.00,0.00,0.00,0.00,0.00,0.00,0.00,0.00,0.00,0.00,0.00,0.00,0.00,0.00,0.00,0.00,0.00,0.00,0.00
4034,5,Zander,Stopped moving for half the match. Only four wheels so they can't turn very well. ,0.00,0.00,0.00,0.00,0.00,1.00,0.00,0.00,0.00,0.00,0.00,0.00,0.00,0.00,0.00,0.00,0.00,0.00,1.00,0.00,0.00,0.00
4034,9,Nicholas,"Something was slipping in the robot. practically can't turn, and has an incredibly slow arm. can move straight quickly, and can climb well, but don't pick",0.00,0.00,0.00,0.00,0.00,1.00,0.00,0.00,0.00,0.00,0.00,0.00,0.00,0.00,0.00,0.00,0.00,0.00,1.00,0.00,0.00,0.00
4034,18,DAB,Played defense,1.00,0.00,0.00,1.00,0.00,0.00,0.00,0.00,0.00,0.00,0.00,0.00,0.00,0.00,0.00,0.00,0.00,0.00,1.00,0.00,0.00,0.00
4034,27,JF,lost connection after auto.  DON'T PICK!,0.00,0.00,0.00,0.00,0.00,1.00,0.00,0.00,0.00,0.00,0.00,0.00,0.00,0.00,0.00,0.00,0.00,0.00,1.00,0.00,0.00,0.00
4034,33,Nicholas,Poor defense bot,0.00,0.00,0.00,0.00,0.00,1.00,0.00,0.00,0.00,0.00,0.00,0.00,0.00,0.00,0.00,0.00,0.00,0.00,1.00,0.00,0.00,0.00
4034,37,DAB,"Robot fell off ramp, the end. then a twist, field fault round #2.  played defense.",0.00,0.00,0.00,0.00,0.00,1.00,0.00,0.00,0.00,0.00,0.00,0.00,0.00,0.00,0.00,0.00,0.00,1.00,1.00,0.00,0.00,0.00
4034,43,evn,Doesn't have an auto. Slow. Has trouble picking things up. Very slow.,0.00,0.00,0.00,0.00,0.00,0.00,0.00,0.00,0.00,0.00,0.00,1.00,0.00,0.00,0.00,0.00,1.00,1.00,0.00,0.00,1.00,0.00
4034,48,Laura,Can't turn well. Had to tape a front tire to get traction. They scored themselves!,1.00,0.00,0.00,0.00,0.00,1.00,0.00,0.00,0.00,0.00,0.00,0.00,0.00,0.00,0.00,1.00,0.00,0.00,1.00,0.00,0.00,0.00
4034,56,logan,,0.00,0.00,0.00,0.00,0.00,0.00,0.00,0.00,0.00,0.00,0.00,0.00,0.00,0.00,0.00,0.00,0.00,0.00,0.00,0.00,0.00,0.00
4473,4,Nicholas,"Can't score high, but can score mid. ",0.00,0.00,0.00,0.00,0.00,1.00,0.00,0.00,0.00,0.00,0.00,0.00,0.00,4.00,1.00,1.00,0.00,0.00,1.00,0.00,0.00,5.00
4473,11,Zander,Very slow picking up pieces but they can pick up sideways cones. ,0.00,0.00,0.00,1.00,0.00,0.00,0.00,0.00,0.00,0.00,1.00,0.00,0.00,2.00,0.00,0.00,0.00,0.00,1.00,0.00,1.00,2.00
4473,15,DAB,,0.00,0.00,0.00,0.00,1.00,0.00,0.00,0.00,0.00,0.00,0.00,1.00,0.00,2.00,1.00,1.00,0.00,0.00,1.00,0.00,1.00,3.00
4473,21,Laura,Seems confused on where to go. Good at defense. Needs help from other robots to balance.,1.00,0.00,0.00,0.00,1.00,0.00,0.00,0.00,0.00,0.00,0.00,0.00,0.00,0.00,0.00,0.00,0.00,1.00,1.00,0.00,0.00,0.00
4473,30,Laura,Had one cube in mid but knocked it out so I didn't count it since it knocked its own out. doesn't seem to be able to get to the top. ,1.00,0.00,1.00,0.00,0.00,0.00,0.00,0.00,0.00,0.00,0.00,2.00,1.00,0.00,0.00,0.00,0.00,1.00,0.00,0.00,2.00,1.00
4473,39,aiden,,0.00,1.00,0.00,0.00,0.00,0.00,0.00,0.00,0.00,0.00,0.00,1.00,0.00,1.00,0.00,0.00,0.00,1.00,0.00,0.00,1.00,1.00
4473,43,Rachel,Good piece cycles ,1.00,1.00,0.00,1.00,0.00,0.00,0.00,0.00,0.00,0.00,1.00,0.00,0.00,3.00,0.00,0.00,0.00,1.00,1.00,0.00,1.00,3.00
4473,43,terri,,1.00,0.00,0.00,1.00,0.00,0.00,0.00,0.00,0.00,0.00,1.00,0.00,0.00,3.00,0.00,0.00,0.00,1.00,1.00,0.00,1.00,3.00
4473,53,aiden,Can pick up cones. Can pick up sideways cones. No top scoring.,0.00,0.00,0.00,0.00,0.00,1.00,0.00,0.00,0.00,0.00,1.00,0.00,0.00,2.00,1.00,0.00,1.00,0.00,1.00,0.00,1.00,3.00
4473,59,DAB,Ok auto. Slow. Doesn't release cubes often. Cubes only.,0.00,0.00,0.00,0.00,0.00,1.00,0.00,0.00,0.00,0.00,0.00,2.00,0.00,0.00,0.00,0.00,1.00,1.00,1.00,0.00,2.00,0.00
4546,4,jason,Swaying arm impacts scoring a little too big almost tipped over whilst scoring,1.00,0.00,0.00,0.00,0.00,0.00,0.00,1.00,0.00,0.00,0.00,1.00,0.00,2.00,0.00,0.00,1.00,1.00,0.00,1.00,1.00,2.00
4546,13,aiden,Slow. target Cubes only in tele,0.00,0.00,0.00,0.00,0.00,0.00,0.00,1.00,0.00,0.00,0.00,2.00,0.00,0.00,0.00,1.00,0.00,0.00,0.00,1.00,2.00,0.00
4546,19,Zander,They took way too long to pick up any pieces. kind of painful to watch. ,0.00,1.00,0.00,0.00,0.00,0.00,0.00,1.00,0.00,0.00,0.00,2.00,0.00,0.00,0.00,0.00,1.00,0.00,0.00,1.00,2.00,0.00
4546,25,logan,Not very good at anything,1.00,0.00,0.00,0.00,0.00,0.00,0.00,1.00,0.00,0.00,1.00,0.00,0.00,1.00,0.00,1.00,0.00,0.00,0.00,1.00,1.00,1.00
4546,32,Nicholas,,1.00,0.00,0.00,0.00,0.00,0.00,0.00,1.00,0.00,0.00,0.00,1.00,0.00,0.00,0.00,0.00,1.00,1.00,0.00,1.00,1.00,0.00
4546,36,aiden,Slow. tipped at human player station,0.00,0.00,0.00,0.00,1.00,0.00,0.00,0.00,0.00,0.00,1.00,1.00,0.00,1.00,0.00,1.00,0.00,0.00,1.00,0.00,2.00,1.00
4546,42,Rachel,TIPPY. Bumped teammate robot that was lining up to score,1.00,0.00,0.00,0.00,0.00,0.00,0.00,1.00,0.00,0.00,0.00,0.00,0.00,1.00,0.00,1.00,0.00,0.00,0.00,1.00,0.00,1.00
4546,49,terri,,1.00,0.00,0.00,0.00,0.00,0.00,0.00,1.00,0.00,0.00,0.00,0.00,0.00,1.00,0.00,1.00,0.00,0.00,0.00,1.00,0.00,1.00
4546,56,jason,Maybe a last resort,0.00,0.00,0.00,0.00,0.00,0.00,0.00,0.00,0.00,0.00,1.00,0.00,0.00,2.00,0.00,0.00,1.00,1.00,0.00,0.00,1.00,2.00
4564,6,logan,They are very slow at driving,0.00,0.00,1.00,0.00,1.00,0.00,0.00,0.00,0.00,0.00,0.00,0.00,2.00,3.00,0.00,0.00,0.00,0.00,1.00,0.00,0.00,5.00
4564,10,Rachel,Steady piece cycles. drove smooth,0.00,0.00,1.00,0.00,1.00,0.00,0.00,0.00,0.00,1.00,1.00,0.00,1.00,1.00,0.00,0.00,0.00,1.00,1.00,0.00,2.00,2.00
4564,15,Laura,Cones can get stuck in/under bot. Build made seemingly for cones,1.00,0.00,1.00,0.00,1.00,0.00,0.00,0.00,0.00,0.00,0.00,0.00,0.00,3.00,1.00,0.00,0.00,1.00,1.00,0.00,0.00,4.00
4564,22,JF,Lost connection right after auto. No tele-op.,0.00,0.00,1.00,0.00,1.00,0.00,0.00,0.00,0.00,0.00,0.00,0.00,0.00,0.00,0.00,0.00,0.00,0.00,1.00,0.00,0.00,0.00
4564,34,Nicholas,All around okay bot.,1.00,0.00,0.00,0.00,1.00,0.00,0.00,0.00,0.00,0.00,0.00,2.00,0.00,2.00,0.00,0.00,1.00,1.00,1.00,0.00,2.00,2.00
4564,40,aiden,Cubes only. No top scoring.,0.00,0.00,1.00,0.00,1.00,0.00,0.00,0.00,0.00,0.00,0.00,5.00,0.00,0.00,0.00,0.00,0.00,1.00,1.00,0.00,5.00,0.00
4564,40,terri,,0.00,0.00,1.00,0.00,0.00,0.00,0.00,0.00,0.00,0.00,0.00,2.00,0.00,0.00,0.00,0.00,0.00,1.00,0.00,0.00,2.00,0.00
4564,44,Mr Cow,They go zoomin. they drive fast. they place fast,0.00,0.00,0.00,1.00,0.00,0.00,0.00,0.00,0.00,0.00,1.00,0.00,2.00,2.00,0.00,0.00,0.00,1.00,1.00,0.00,1.00,4.00
4564,54,jason,Can be easily defended by any decently good defensive team 9055 would be a defensive team a step above what's needed,0.00,1.00,1.00,0.00,1.00,0.00,0.00,0.00,0.00,0.00,0.00,0.00,3.00,1.00,0.00,0.00,1.00,1.00,1.00,0.00,0.00,4.00
4564,59,jason,didn't catch auto very consistent top scoring ,0.00,0.00,0.00,0.00,0.00,0.00,0.00,0.00,0.00,0.00,0.00,1.00,2.00,0.00,0.00,1.00,0.00,0.00,0.00,0.00,1.00,2.00
4594,10,Rachel,,0.00,0.00,0.00,0.00,0.00,0.00,0.00,0.00,0.00,0.00,0.00,0.00,0.00,0.00,0.00,0.00,0.00,0.00,0.00,0.00,0.00,0.00
4906,4,Rachel,"Slow, shakey",0.00,0.00,1.00,1.00,0.00,0.00,0.00,0.00,0.00,0.00,0.00,0.00,0.00,2.00,0.00,0.00,0.00,1.00,1.00,0.00,0.00,2.00
4906,10,Laura,Didn't wanna let the cube go in auto. Can take from human player. ,0.00,0.00,0.00,0.00,0.00,0.00,0.00,0.00,0.00,0.00,0.00,0.00,0.00,2.00,1.00,0.00,0.00,1.00,0.00,0.00,0.00,3.00
4906,17,Nicholas,Slow but reliable.,0.00,1.00,0.00,1.00,0.00,0.00,0.00,0.00,0.00,0.00,0.00,0.00,0.00,2.00,1.00,0.00,1.00,0.00,1.00,0.00,0.00,3.00
4906,24,Nicholas,Slow.,0.00,0.00,0.00,0.00,0.00,0.00,0.00,1.00,0.00,0.00,0.00,0.00,0.00,2.00,0.00,0.00,0.00,0.00,0.00,1.00,0.00,2.00
4906,29,Nicholas,Disconnected for a good chunk of the match.,0.00,0.00,0.00,1.00,0.00,0.00,0.00,0.00,0.00,0.00,1.00,0.00,0.00,1.00,0.00,0.00,1.00,1.00,1.00,0.00,1.00,1.00
4906,36,terri,,0.00,0.00,1.00,0.00,0.00,0.00,0.00,0.00,0.00,0.00,0.00,0.00,0.00,1.00,1.00,0.00,0.00,1.00,0.00,0.00,0.00,2.00
4906,47,Rachel,Floppy arm. ,1.00,0.00,0.00,0.00,0.00,0.00,1.00,0.00,0.00,0.00,0.00,1.00,3.00,0.00,0.00,0.00,0.00,1.00,0.00,1.00,1.00,3.00
4906,53,terri,,0.00,0.00,1.00,1.00,0.00,0.00,0.00,0.00,0.00,0.00,0.00,0.00,1.00,0.00,0.00,1.00,0.00,0.00,1.00,0.00,0.00,1.00
4906,58,aiden,Tippy. went over border. penelized,0.00,0.00,0.00,1.00,0.00,0.00,0.00,0.00,0.00,1.00,0.00,0.00,2.00,0.00,0.00,0.00,1.00,0.00,1.00,0.00,1.00,2.00
5265,3,jason,Only does low mostly pushes pieces,1.00,0.00,0.00,0.00,0.00,0.00,0.00,0.00,0.00,0.00,0.00,2.00,0.00,0.00,2.00,0.00,0.00,0.00,0.00,0.00,2.00,2.00
5265,10,Zander,Very easy to get game pieces stuck in it. Happened two times and they couldn't get the piece out the second time. ,1.00,0.00,0.00,0.00,0.00,0.00,0.00,0.00,1.00,0.00,0.00,0.00,0.00,0.00,0.00,1.00,0.00,0.00,0.00,1.00,0.00,0.00
5265,16,Laura,Fast auto. pushes on field. grabs from human player. can take ABUSE from other bots. ,1.00,0.00,0.00,0.00,0.00,0.00,0.00,0.00,0.00,0.00,0.00,2.00,0.00,0.00,1.00,0.00,0.00,1.00,0.00,0.00,2.00,1.00
5265,21,Jf,"Cubes only. No top or middle scoring. Medium speed, keeps plugging along.",1.00,0.00,0.00,0.00,0.00,0.00,0.00,0.00,1.00,0.00,0.00,3.00,0.00,0.00,0.00,0.00,0.00,1.00,0.00,1.00,3.00,0.00
5265,33,JF,Great defense. pushed opposing robot into red human player station area.,1.00,0.00,0.00,0.00,0.00,0.00,0.00,0.00,1.00,0.00,0.00,0.00,0.00,0.00,0.00,1.00,0.00,0.00,0.00,1.00,0.00,0.00
5265,38,aiden,No top or middle scoring. cubes only,1.00,0.00,0.00,0.00,0.00,0.00,0.00,0.00,0.00,0.00,0.00,2.00,0.00,0.00,0.00,0.00,0.00,1.00,0.00,0.00,2.00,0.00
5265,47,Nicholas,,1.00,0.00,0.00,0.00,0.00,0.00,0.00,0.00,0.00,0.00,1.00,1.00,0.00,0.00,1.00,0.00,0.00,0.00,0.00,0.00,2.00,1.00
5265,51,jason,Inching its way across the field tried charging at about 75s remaining and got it at 5s with a teammates help,1.00,0.00,0.00,0.00,0.00,0.00,0.00,0.00,0.00,0.00,0.00,0.00,0.00,0.00,1.00,0.00,0.00,0.00,0.00,0.00,0.00,1.00
5265,57,jason,idk,1.00,0.00,0.00,0.00,0.00,0.00,0.00,0.00,1.00,0.00,0.00,1.00,0.00,0.00,0.00,0.00,1.00,1.00,0.00,1.00,1.00,0.00
5902,1,Laura,It moved in auto. It has issues. It's slow. It also just died.,0.00,0.00,0.00,0.00,0.00,0.00,0.00,0.00,0.00,0.00,0.00,2.00,0.00,0.00,0.00,0.00,0.00,0.00,0.00,0.00,2.00,0.00
5902,9,Zander,Tried to mount the charging platform in auto but failed. slowly scored a cube and then stopped moving. ,0.00,0.00,0.00,0.00,0.00,0.00,0.00,0.00,0.00,1.00,0.00,0.00,0.00,0.00,0.00,1.00,0.00,0.00,0.00,0.00,1.00,0.00
5902,16,Nicholas,Super close to crossing line in auto. disconnected and came back to play defense.,1.00,0.00,0.00,0.00,0.00,0.00,0.00,0.00,0.00,0.00,0.00,1.00,0.00,0.00,0.00,1.00,0.00,0.00,0.00,0.00,1.00,0.00
5902,22,Nicholas,"Auto got stuck on dock. good at scoring on low goals, fairly quick",0.00,0.00,0.00,0.00,0.00,0.00,0.00,0.00,0.00,0.00,0.00,3.00,0.00,0.00,1.00,1.00,0.00,0.00,0.00,0.00,3.00,1.00
5902,30,JF,Crossed the line during auto!  Arm grip is very weak. Dropped many pieces.,1.00,0.00,0.00,0.00,0.00,0.00,0.00,0.00,0.00,1.00,0.00,0.00,1.00,0.00,0.00,0.00,0.00,1.00,0.00,0.00,1.00,1.00
5902,39,terri,,1.00,0.00,0.00,0.00,0.00,0.00,0.00,0.00,0.00,0.00,0.00,0.00,0.00,2.00,0.00,1.00,0.00,0.00,0.00,0.00,0.00,2.00
5902,45,evn,Doesn't have an auto. Bob viciously pushed its non active body. Has trouble picking up cubes. Only picked up a cube the whole game.,0.00,0.00,0.00,0.00,0.00,0.00,0.00,0.00,0.00,0.00,1.00,1.00,0.00,0.00,0.00,1.00,0.00,0.00,0.00,0.00,2.00,0.00
5902,53,jason,Auto penalty middle line,1.00,0.00,0.00,0.00,0.00,0.00,0.00,0.00,0.00,0.00,3.00,0.00,0.00,0.00,0.00,1.00,0.00,0.00,0.00,0.00,3.00,0.00
6153,4,Zander,,0.00,0.00,0.00,0.00,0.00,0.00,0.00,0.00,0.00,0.00,0.00,0.00,0.00,0.00,0.00,0.00,0.00,0.00,0.00,0.00,0.00,0.00
6153,8,Laura,,0.00,0.00,0.00,0.00,0.00,0.00,0.00,0.00,0.00,0.00,0.00,0.00,0.00,0.00,0.00,0.00,0.00,0.00,0.00,0.00,0.00,0.00
6153,15,Zander,They came back! The arm works pretty well. turret design is good for scoring pieces. ,0.00,0.00,0.00,1.00,0.00,0.00,0.00,0.00,0.00,0.00,0.00,0.00,1.00,1.00,0.00,0.00,0.00,1.00,1.00,0.00,0.00,2.00
6153,25,Zander,Can't pickup from floor. ,0.00,0.00,1.00,1.00,0.00,0.00,0.00,0.00,0.00,0.00,0.00,0.00,2.00,0.00,0.00,0.00,0.00,1.00,1.00,0.00,0.00,2.00
6153,33,DAB,,1.00,0.00,0.00,0.00,0.00,0.00,0.00,0.00,0.00,0.00,0.00,1.00,3.00,0.00,0.00,1.00,0.00,0.00,0.00,0.00,1.00,3.00
6153,39,Laura,Good defense. Fast. ,1.00,0.00,1.00,1.00,0.00,0.00,0.00,0.00,0.00,0.00,0.00,0.00,0.00,0.00,0.00,0.00,0.00,1.00,1.00,0.00,0.00,0.00
6153,44,terri,,0.00,0.00,1.00,0.00,0.00,0.00,0.00,0.00,0.00,0.00,0.00,0.00,2.00,1.00,0.00,0.00,0.00,1.00,0.00,0.00,0.00,3.00
6153,49,Nicholas, ,0.00,0.00,0.00,0.00,0.00,0.00,0.00,0.00,0.00,1.00,0.00,0.00,3.00,0.00,0.00,0.00,0.00,0.00,0.00,0.00,1.00,3.00
6153,57,evn,Fast. Efficient. Can pick up cones. Can do high scoring. Can pick up from human player station.,0.00,1.00,1.00,1.00,0.00,0.00,0.00,0.00,0.00,1.00,0.00,1.00,3.00,0.00,0.00,1.00,0.00,0.00,1.00,0.00,2.00,3.00
6324,6,Zander,,1.00,0.00,0.00,0.00,0.00,0.00,0.00,0.00,0.00,1.00,0.00,0.00,2.00,0.00,0.00,0.00,0.00,0.00,0.00,0.00,1.00,2.00
6324,13,jason,"My last bot was parked in the end, Fast but tippy fast pickup and fast placement",1.00,0.00,0.00,1.00,0.00,0.00,0.00,0.00,0.00,0.00,0.00,2.00,0.00,0.00,0.00,0.00,1.00,1.00,1.00,0.00,2.00,0.00
6324,19,DAB,,1.00,0.00,0.00,1.00,0.00,0.00,0.00,0.00,0.00,0.00,0.00,5.00,0.00,0.00,0.00,0.00,1.00,0.00,1.00,0.00,5.00,0.00
6324,24,JF,Cubes only. decent speed,1.00,0.00,0.00,1.00,0.00,0.00,0.00,0.00,0.00,0.00,0.00,5.00,0.00,0.00,0.00,0.00,0.00,1.00,1.00,0.00,5.00,0.00
6324,28,jason,"Quick pickup and placement plus tank drive, 319 is tank drive",0.00,0.00,0.00,0.00,0.00,1.00,0.00,0.00,0.00,0.00,0.00,2.00,0.00,0.00,0.00,0.00,1.00,1.00,1.00,0.00,2.00,0.00
6324,39,Mr Cow,"In a competition for the biggest jump on the charge station, I give them second place. ",1.00,0.00,0.00,0.00,1.00,0.00,0.00,0.00,0.00,0.00,0.00,2.00,0.00,0.00,0.00,0.00,0.00,0.00,1.00,0.00,2.00,0.00
6324,52,jason,,1.00,0.00,0.00,0.00,0.00,1.00,0.00,0.00,0.00,0.00,0.00,4.00,0.00,0.00,0.00,1.00,0.00,0.00,1.00,0.00,4.00,0.00
6324,57,logan,They touch grass,1.00,0.00,0.00,0.00,0.00,1.00,0.00,0.00,0.00,0.00,0.00,2.00,0.00,0.00,0.00,0.00,0.00,0.00,1.00,0.00,2.00,0.00
6329,1,Zander,Incredibly fast. They focus on cones but they can do both. ,1.00,0.00,0.00,1.00,0.00,0.00,1.00,0.00,0.00,0.00,0.00,1.00,5.00,1.00,1.00,0.00,0.00,1.00,1.00,1.00,1.00,7.00
6329,8,Zander,Still fast. they have swerve drive. first pick material. ,0.00,0.00,1.00,1.00,0.00,0.00,1.00,0.00,0.00,2.00,0.00,0.00,5.00,0.00,0.00,0.00,0.00,1.00,1.00,1.00,2.00,5.00
6329,20,Laura,Can do high scoring. Picks up cones and cubes equally,0.00,1.00,1.00,1.00,0.00,0.00,1.00,0.00,0.00,2.00,0.00,0.00,3.00,0.00,1.00,0.00,1.00,0.00,1.00,1.00,2.00,4.00
6329,27,jason,"1350 is off the list due too collective agreement, only top scoring and fast at it",1.00,0.00,0.00,1.00,0.00,0.00,1.00,0.00,0.00,0.00,0.00,0.00,6.00,0.00,0.00,1.00,0.00,0.00,1.00,1.00,0.00,6.00
6329,31,Laura,Fast. ,1.00,0.00,1.00,1.00,0.00,0.00,0.00,0.00,0.00,1.00,0.00,0.00,4.00,0.00,0.00,0.00,0.00,1.00,1.00,0.00,1.00,4.00
6329,40,Mr Cow,They really like the top row. that would definitely compliment a team that likes the bottom row. ,0.00,0.00,0.00,1.00,0.00,0.00,1.00,0.00,0.00,1.00,1.00,0.00,4.00,0.00,0.00,0.00,0.00,1.00,1.00,1.00,2.00,4.00
6329,46,evn,Nice auto. Can pick up from human player station. Can pick up cones. Fast. Efficient. Can do high scoring.,0.00,1.00,1.00,1.00,0.00,0.00,0.00,0.00,0.00,0.00,1.00,2.00,4.00,0.00,0.00,1.00,0.00,0.00,1.00,0.00,3.00,4.00
6329,50,Mr Cow,Still  consistently doing great. ,0.00,0.00,1.00,1.00,0.00,0.00,1.00,0.00,0.00,2.00,0.00,1.00,4.00,0.00,0.00,0.00,0.00,0.00,1.00,1.00,3.00,4.00
6329,56,evn,Slightly bugged auto. Can pick up cones. Can do high scoring. Efficient.,0.00,1.00,1.00,0.00,0.00,0.00,1.00,0.00,0.00,1.00,0.00,0.00,1.00,1.00,0.00,0.00,1.00,1.00,0.00,1.00,1.00,2.00
6367,2,Zander,Slow and clunky. ,1.00,0.00,0.00,1.00,0.00,0.00,0.00,0.00,0.00,0.00,0.00,3.00,0.00,0.00,0.00,0.00,0.00,1.00,1.00,0.00,3.00,0.00
6367,8,logan,Confused on what they are doing,1.00,0.00,0.00,0.00,1.00,0.00,0.00,0.00,0.00,0.00,0.00,0.00,0.00,0.00,0.00,0.00,0.00,1.00,1.00,0.00,0.00,0.00
6367,14,Laura,Bad aiming. Can throw game pieces. Can tip itself on its own. ,1.00,0.00,0.00,1.00,0.00,0.00,0.00,0.00,0.00,0.00,0.00,0.00,0.00,0.00,0.00,0.00,0.00,1.00,1.00,0.00,0.00,0.00
6367,22,Zander,Struggles picking up cones. slow movement,1.00,0.00,0.00,0.00,1.00,0.00,0.00,0.00,0.00,0.00,1.00,2.00,0.00,0.00,0.00,1.00,0.00,0.00,1.00,0.00,3.00,0.00
6367,29,jason,Slow but did stuff,1.00,0.00,0.00,1.00,0.00,0.00,0.00,0.00,0.00,0.00,0.00,2.00,0.00,0.00,0.00,0.00,1.00,1.00,1.00,0.00,2.00,0.00
6367,40,DAB,,1.00,0.00,0.00,1.00,0.00,0.00,0.00,0.00,0.00,0.00,2.00,1.00,0.00,0.00,0.00,0.00,0.00,1.00,1.00,0.00,3.00,0.00
6367,48,Nicholas,not the greatest performance this round.,0.00,0.00,0.00,0.00,0.00,1.00,0.00,0.00,0.00,0.00,1.00,1.00,0.00,0.00,0.00,0.00,0.00,0.00,1.00,0.00,2.00,0.00
6367,52,terri,,1.00,0.00,0.00,1.00,0.00,0.00,0.00,0.00,0.00,0.00,0.00,2.00,0.00,0.00,0.00,0.00,0.00,1.00,1.00,0.00,2.00,0.00
6367,59,aiden,"Not very good at defense, didn't try to score. ",0.00,0.00,0.00,1.00,0.00,0.00,0.00,0.00,0.00,0.00,0.00,0.00,0.00,0.00,0.00,1.00,0.00,0.00,1.00,0.00,0.00,0.00
6762,3,Laura,Sag still in auto. Bad at taking from human player. Arm can't reach the ground. Bad at balance with others,0.00,0.00,0.00,0.00,0.00,0.00,0.00,0.00,0.00,1.00,0.00,0.00,0.00,0.00,0.00,0.00,1.00,0.00,0.00,0.00,1.00,0.00
6762,10,Nicholas,"Crossed the line during auto, can't pickup from floor, struggled with human player station.",1.00,0.00,0.00,0.00,0.00,0.00,0.00,0.00,0.00,1.00,0.00,1.00,0.00,0.00,0.00,0.00,0.00,0.00,0.00,0.00,2.00,0.00
6762,14,Zander,No auto. Spent the whole match wandering around uselessly. Then got in the way of the charge station at the end. ,0.00,0.00,0.00,0.00,0.00,0.00,0.00,0.00,0.00,1.00,0.00,0.00,0.00,0.00,0.00,1.00,0.00,0.00,0.00,0.00,1.00,0.00
6762,26,Zander,No auto. Oh I remember them. they don't do anything. they're not even good at defense. they seem lost.  ,0.00,0.00,0.00,0.00,0.00,0.00,0.00,0.00,0.00,0.00,1.00,0.00,0.00,0.00,0.00,0.00,0.00,0.00,0.00,0.00,1.00,0.00
6762,31,DAB,,0.00,0.00,0.00,0.00,0.00,0.00,0.00,0.00,0.00,0.00,0.00,0.00,0.00,0.00,0.00,0.00,0.00,0.00,0.00,0.00,0.00,0.00
6762,41,DAB,No auto. ,0.00,0.00,0.00,0.00,0.00,0.00,0.00,0.00,0.00,0.00,0.00,2.00,0.00,0.00,0.00,0.00,0.00,1.00,0.00,0.00,2.00,0.00
6762,45,Mr Cow,No auto. They are very tippy. ,0.00,0.00,0.00,0.00,0.00,0.00,0.00,0.00,0.00,0.00,0.00,3.00,0.00,0.00,0.00,1.00,0.00,0.00,0.00,0.00,3.00,0.00
6762,49,Laura,"No auto. Gotten better at taking from human player. Still cannot reach the ground nor are ""good"" at taking from the human player. ",0.00,0.00,0.00,0.00,0.00,0.00,0.00,0.00,0.00,1.00,0.00,3.00,0.00,0.00,0.00,0.00,1.00,0.00,0.00,0.00,4.00,0.00
6762,56,aiden,"Doesn't have an auto. very tippy. only does cubes on low",0.00,0.00,0.00,0.00,0.00,0.00,0.00,0.00,0.00,0.00,0.00,3.00,0.00,0.00,0.00,1.00,0.00,0.00,0.00,0.00,3.00,0.00
6895,3,Nicholas,Can pick up from human player station.,0.00,1.00,0.00,0.00,1.00,0.00,0.00,0.00,0.00,0.00,2.00,0.00,0.00,0.00,0.00,0.00,1.00,0.00,1.00,0.00,2.00,0.00
6895,8,Rachel,Speedy but easily unstable. can't handle the bump next to charge station. pick up everything.,1.00,0.00,0.00,0.00,0.00,0.00,0.00,0.00,0.00,0.00,0.00,1.00,0.00,0.00,2.00,1.00,0.00,0.00,0.00,0.00,1.00,2.00
6895,20,Jennifer,Tipped over.Can't pickup from floor,1.00,0.00,0.00,0.00,1.00,0.00,0.00,0.00,0.00,0.00,1.00,0.00,0.00,0.00,0.00,0.00,0.00,0.00,1.00,0.00,1.00,0.00
6895,28,aiden,Slow. tippy only cones,0.00,0.00,0.00,0.00,1.00,0.00,0.00,0.00,0.00,0.00,0.00,0.00,0.00,1.00,2.00,0.00,0.00,0.00,1.00,0.00,0.00,3.00
6895,32,Laura,Almost fell in auto. Bad at fighting back with defense. ,1.00,0.00,0.00,0.00,1.00,0.00,0.00,0.00,0.00,0.00,0.00,0.00,0.00,0.00,1.00,1.00,0.00,0.00,1.00,0.00,0.00,1.00
6895,41,Rachel,Fell down. oh oh spaghettios,0.00,0.00,0.00,0.00,0.00,0.00,0.00,0.00,0.00,0.00,0.00,0.00,0.00,1.00,0.00,0.00,1.00,0.00,0.00,0.00,0.00,1.00
6895,47,terri,,1.00,0.00,0.00,0.00,0.00,0.00,0.00,0.00,0.00,0.00,0.00,0.00,0.00,0.00,0.00,1.00,0.00,0.00,0.00,0.00,0.00,0.00
6895,53,DAB,,0.00,0.00,0.00,0.00,0.00,0.00,0.00,0.00,0.00,0.00,0.00,0.00,0.00,0.00,0.00,0.00,0.00,0.00,0.00,0.00,0.00,0.00
7314,5,Rachel,Shakey. bad a picking up pieces. spent whole match failing to pick up a cone. ,0.00,0.00,0.00,0.00,0.00,0.00,0.00,0.00,0.00,0.00,0.00,0.00,0.00,0.00,1.00,1.00,0.00,0.00,0.00,0.00,0.00,1.00
7314,13,Nicholas,Doesn't have an auto.,0.00,0.00,0.00,0.00,0.00,0.00,0.00,0.00,0.00,0.00,0.00,0.00,0.00,0.00,2.00,0.00,1.00,1.00,0.00,0.00,0.00,2.00
7314,17,jason,Bad cone pickup only went after cones 1point starting piece other from pushing,0.00,0.00,0.00,0.00,0.00,0.00,0.00,0.00,0.00,0.00,0.00,0.00,0.00,0.00,2.00,1.00,0.00,0.00,0.00,0.00,0.00,2.00
7314,22,logan,They have really loose bumper flaps that could cause problems for other teams,0.00,0.00,0.00,0.00,0.00,0.00,0.00,0.00,1.00,0.00,0.00,0.00,0.00,0.00,1.00,0.00,0.00,0.00,0.00,1.00,0.00,1.00
7314,28,JF,loose bumper fabric in corners.,0.00,0.00,0.00,0.00,0.00,0.00,0.00,0.00,1.00,0.00,0.00,0.00,0.00,0.00,3.00,0.00,1.00,0.00,0.00,1.00,0.00,3.00
7314,35,Laura,,0.00,0.00,0.00,0.00,0.00,0.00,0.00,0.00,0.00,0.00,0.00,0.00,0.00,0.00,0.00,0.00,0.00,0.00,0.00,0.00,0.00,0.00
7314,54,aiden,Tippy.,0.00,0.00,0.00,0.00,0.00,0.00,1.00,0.00,0.00,0.00,0.00,1.00,0.00,0.00,2.00,0.00,0.00,0.00,0.00,1.00,1.00,2.00
7314,58,jason,"Aiden is more interested in the game on his phone than the matches he even missed an auto or two his results may vary not trying to be rude or anything,\npretty bad for how much defending they did",0.00,0.00,0.00,0.00,0.00,0.00,0.00,0.00,1.00,0.00,0.00,0.00,0.00,0.00,1.00,0.00,1.00,1.00,0.00,1.00,0.00,1.00
7674,5,Laura,Aims easily. Mainly slow.but can go fast when needed.,0.00,0.00,0.00,0.00,0.00,0.00,1.00,0.00,0.00,1.00,0.00,0.00,2.00,0.00,0.00,0.00,0.00,1.00,0.00,1.00,1.00,2.00
7674,10,jason,Slow In the team zone mid in open field accurate scoring,1.00,0.00,0.00,0.00,0.00,0.00,1.00,0.00,0.00,1.00,0.00,0.00,1.00,1.00,0.00,0.00,1.00,1.00,0.00,1.00,1.00,2.00
7674,15,jason,A preset drops their arm and if they don't line it up they miss when scoring,1.00,0.00,0.00,0.00,0.00,0.00,1.00,0.00,0.00,1.00,0.00,0.00,1.00,0.00,0.00,0.00,1.00,1.00,0.00,1.00,1.00,1.00
7674,27,aiden,Can pick up cones. Slow. Can pick up from human player station. Can pick up sideways cones.,0.00,0.00,0.00,0.00,0.00,0.00,1.00,0.00,1.00,1.00,0.00,0.00,1.00,0.00,1.00,0.00,0.00,1.00,0.00,2.00,1.00,2.00
7674,32,JF,can't pick up sideways cones.,1.00,0.00,0.00,0.00,0.00,0.00,1.00,0.00,0.00,1.00,0.00,0.00,2.00,0.00,0.00,0.00,0.00,1.00,0.00,1.00,1.00,2.00
7674,41,Mr Cow,Very front heavy. and then they accelerate really fast and look like they're going to do a flip. ,0.00,0.00,0.00,0.00,0.00,0.00,1.00,0.00,0.00,0.00,0.00,0.00,2.00,0.00,0.00,0.00,0.00,0.00,0.00,1.00,0.00,2.00
7674,46,Laura,Decent. don't hate it,1.00,0.00,0.00,0.00,0.00,0.00,1.00,0.00,0.00,1.00,0.00,2.00,0.00,0.00,0.00,0.00,0.00,0.00,0.00,1.00,3.00,0.00
7674,52,logan,,0.00,0.00,0.00,0.00,0.00,0.00,1.00,0.00,0.00,1.00,0.00,0.00,2.00,0.00,0.00,0.00,0.00,1.00,0.00,1.00,1.00,2.00
7913,4,logan,Arm broke,1.00,0.00,0.00,0.00,0.00,0.00,0.00,1.00,0.00,0.00,2.00,0.00,0.00,2.00,0.00,0.00,0.00,1.00,0.00,1.00,2.00,2.00
7913,14,jason,never went a foot passed the border of the zone,1.00,0.00,0.00,0.00,0.00,0.00,0.00,0.00,0.00,0.00,0.00,3.00,0.00,0.00,1.00,1.00,0.00,0.00,0.00,0.00,3.00,1.00
7913,20,DAB,Stopped moving 1/4 way thru match.,0.00,0.00,0.00,0.00,0.00,0.00,0.00,0.00,1.00,0.00,0.00,1.00,0.00,0.00,0.00,0.00,0.00,0.00,0.00,1.00,1.00,0.00
7913,23,Zander,,0.00,0.00,0.00,0.00,0.00,0.00,0.00,0.00,0.00,0.00,0.00,0.00,0.00,0.00,0.00,0.00,0.00,0.00,0.00,0.00,0.00,0.00
7913,24,Zander,Very slow grabber. but it is very accurate. ,1.00,0.00,0.00,0.00,0.00,0.00,0.00,1.00,0.00,0.00,2.00,0.00,0.00,1.00,0.00,0.00,0.00,1.00,0.00,1.00,2.00,1.00
7913,30,Nicholas,"can score up to mid, slightly slow all around.",0.00,0.00,0.00,0.00,0.00,0.00,0.00,1.00,0.00,0.00,1.00,1.00,0.00,1.00,0.00,0.00,0.00,0.00,0.00,1.00,2.00,1.00
7913,38,Nicholas,They did okay.,1.00,0.00,0.00,0.00,0.00,0.00,0.00,1.00,0.00,0.00,2.00,0.00,0.00,0.00,0.00,1.00,0.00,0.00,0.00,1.00,2.00,0.00
7913,48,Rachel,Tippy,1.00,0.00,0.00,0.00,0.00,0.00,0.00,1.00,0.00,0.00,1.00,0.00,0.00,4.00,0.00,0.00,0.00,0.00,0.00,1.00,1.00,4.00
7913,54,Mr Cow,They have that weird slow intake that makes them very tippy when they use it. ,1.00,0.00,0.00,0.00,0.00,0.00,0.00,1.00,0.00,0.00,0.00,0.00,0.00,2.00,0.00,1.00,0.00,0.00,0.00,1.00,0.00,2.00
8046,1,logan,,0.00,0.00,1.00,1.00,0.00,0.00,0.00,0.00,0.00,1.00,0.00,4.00,0.00,0.00,0.00,0.00,0.00,1.00,1.00,0.00,5.00,0.00
8046,8,jason,"if I say something about where teams started its due to good or bad autos, Fast evasion as well as movement and placement scored a quick point before charge would recommend",0.00,1.00,1.00,1.00,0.00,0.00,0.00,0.00,0.00,2.00,0.00,0.00,1.00,0.00,3.00,0.00,1.00,1.00,1.00,0.00,2.00,4.00
8046,16,DAB,Can pick up cones.,1.00,0.00,0.00,0.00,1.00,0.00,1.00,0.00,0.00,1.00,0.00,3.00,2.00,0.00,1.00,0.00,0.00,0.00,1.00,1.00,4.00,3.00
8046,21,Nicholas,"Slow, but works well overall.",1.00,1.00,1.00,1.00,0.00,0.00,0.00,0.00,0.00,1.00,1.00,2.00,0.00,0.00,0.00,0.00,1.00,1.00,1.00,0.00,4.00,0.00
8046,29,aiden,Fast. Can pick up from human player station. Can do high scoring. Can pick up sideways cones.,0.00,0.00,0.00,0.00,0.00,0.00,1.00,0.00,1.00,2.00,0.00,2.00,1.00,0.00,0.00,1.00,0.00,0.00,0.00,2.00,4.00,1.00
8046,38,evn,Can pick up cones. Can pick up from human player station. Can do high scoring. Shoots out cones but they end up falling down into low.,0.00,0.00,0.00,1.00,0.00,0.00,0.00,0.00,0.00,1.00,0.00,0.00,3.00,0.00,2.00,1.00,0.00,0.00,1.00,0.00,1.00,5.00
8046,38,terri,"Dropped three cones,",0.00,0.00,1.00,1.00,0.00,0.00,0.00,0.00,0.00,3.00,1.00,0.00,0.00,0.00,0.00,1.00,0.00,0.00,1.00,0.00,4.00,0.00
8046,44,Nicholas,quick and efficient scoring.,1.00,0.00,0.00,0.00,0.00,0.00,1.00,0.00,0.00,3.00,0.00,0.00,4.00,0.00,0.00,0.00,0.00,0.00,0.00,1.00,3.00,4.00
8046,52,Mr Cow,They scored many of the points,0.00,0.00,1.00,1.00,0.00,0.00,0.00,0.00,0.00,1.00,0.00,1.00,3.00,0.00,1.00,1.00,0.00,0.00,1.00,0.00,2.00,4.00
8046,58,DAB,,0.00,0.00,1.00,1.00,0.00,0.00,0.00,0.00,0.00,3.00,0.00,3.00,0.00,0.00,0.00,0.00,0.00,1.00,1.00,0.00,6.00,0.00
8410,6,Rachel,Slow placing. only cones I saw,1.00,0.00,0.00,0.00,0.00,0.00,0.00,0.00,0.00,0.00,0.00,1.00,2.00,0.00,0.00,1.00,0.00,0.00,0.00,0.00,1.00,2.00
8410,14,DAB,Arm stopped working.  did a little defense.,1.00,0.00,0.00,0.00,0.00,0.00,0.00,0.00,0.00,0.00,0.00,2.00,0.00,0.00,0.00,0.00,0.00,1.00,0.00,0.00,2.00,0.00
8410,19,Laura, Can toss game pieces. Can dance around on balance. ,1.00,0.00,1.00,0.00,1.00,0.00,0.00,0.00,0.00,0.00,0.00,0.00,2.00,0.00,0.00,0.00,0.00,1.00,1.00,0.00,0.00,2.00
8410,27,Nicholas,,0.00,0.00,0.00,0.00,1.00,0.00,0.00,0.00,0.00,0.00,0.00,3.00,0.00,0.00,0.00,0.00,1.00,1.00,1.00,0.00,3.00,0.00
8410,31,Rachel,Pretty good. placing little rough. driving good.,0.00,0.00,1.00,0.00,1.00,0.00,0.00,0.00,0.00,0.00,0.00,0.00,0.00,1.00,1.00,0.00,0.00,1.00,1.00,0.00,0.00,2.00
8410,36,DAB,,0.00,0.00,1.00,0.00,1.00,0.00,0.00,0.00,0.00,0.00,0.00,1.00,0.00,2.00,1.00,0.00,0.00,1.00,1.00,0.00,1.00,3.00
8410,44,Laura,I got distracted by a robot being broken by another one,1.00,0.00,0.00,0.00,0.00,0.00,0.00,0.00,0.00,0.00,0.00,3.00,0.00,0.00,0.00,0.00,0.00,1.00,0.00,0.00,3.00,0.00
8410,51,aiden,Slow. Bad defense. No top scoring. Cubes only.,0.00,1.00,0.00,1.00,0.00,0.00,0.00,0.00,0.00,0.00,0.00,2.00,0.00,0.00,0.00,0.00,0.00,1.00,1.00,0.00,2.00,0.00
9055,3,logan,Defense,1.00,0.00,0.00,0.00,0.00,0.00,0.00,1.00,0.00,0.00,0.00,0.00,0.00,0.00,1.00,0.00,0.00,1.00,0.00,1.00,0.00,1.00
9055,9,Rachel,Only cones from ground. shakey. doesn't get pushed when defending,1.00,0.00,0.00,0.00,0.00,0.00,1.00,0.00,0.00,0.00,0.00,0.00,0.00,0.00,0.00,0.00,0.00,1.00,0.00,1.00,0.00,0.00
9055,21,logan,Confused on what they are doing,1.00,0.00,0.00,0.00,0.00,0.00,0.00,1.00,0.00,0.00,0.00,0.00,0.00,0.00,0.00,0.00,0.00,1.00,0.00,1.00,0.00,0.00
9055,25,jason,Claw go bye bye great defense,1.00,0.00,0.00,0.00,0.00,0.00,0.00,0.00,0.00,0.00,0.00,0.00,0.00,0.00,0.00,0.00,0.00,0.00,0.00,0.00,0.00,0.00
9055,35,evn,Doesn't have an auto. No pick up. No arm (that works.) Good defense.,0.00,0.00,0.00,0.00,0.00,0.00,0.00,0.00,0.00,0.00,0.00,2.00,0.00,0.00,0.00,0.00,1.00,1.00,0.00,0.00,2.00,0.00
9055,41,Nicholas,"Defense bot, pretty well but quite aggressive.",1.00,0.00,0.00,0.00,0.00,0.00,0.00,0.00,0.00,0.00,0.00,0.00,0.00,0.00,0.00,0.00,0.00,0.00,0.00,0.00,0.00,0.00
9055,48,Mr Cow,Very aggressive defense. they tried playing soccer with a cone. ,1.00,0.00,0.00,0.00,0.00,0.00,0.00,0.00,0.00,0.00,0.00,0.00,0.00,0.00,0.00,1.00,0.00,0.00,0.00,0.00,0.00,0.00
9055,55,jason,Pushed multiple cubes into Zone in the start hindered 2 bots at once best defensive team I've ever seen,1.00,0.00,0.00,0.00,0.00,0.00,0.00,0.00,0.00,0.00,0.00,0.00,0.00,0.00,0.00,0.00,1.00,1.00,0.00,0.00,0.00,0.00
9101,2,Rachel,,0.00,0.00,0.00,0.00,0.00,0.00,0.00,0.00,0.00,0.00,0.00,0.00,0.00,0.00,0.00,0.00,0.00,0.00,0.00,0.00,0.00,0.00
9101,11,Rachel,Good a picking up cubes. died again. seems to die in the same spot,0.00,0.00,0.00,0.00,0.00,1.00,0.00,0.00,0.00,0.00,0.00,1.00,0.00,0.00,0.00,0.00,0.00,0.00,1.00,0.00,1.00,0.00
9101,20,Nicholas,"Disconnected, reconnected, played defense.",0.00,0.00,0.00,0.00,0.00,1.00,0.00,0.00,0.00,0.00,0.00,0.00,0.00,0.00,0.00,1.00,0.00,0.00,1.00,0.00,0.00,0.00
9101,26,logan,Brick bot only can do cubes sorry I also just watched our robot Doesn't have an auto. Cubes only.,0.00,0.00,0.00,0.00,0.00,0.00,0.00,0.00,0.00,0.00,0.00,7.00,0.00,0.00,0.00,0.00,0.00,0.00,0.00,0.00,7.00,0.00
9101,34,DAB,,0.00,0.00,0.00,0.00,0.00,1.00,0.00,0.00,0.00,0.00,0.00,3.00,0.00,0.00,0.00,0.00,0.00,1.00,1.00,0.00,3.00,0.00
9101,38,Mr Cow,That's the flattest robot I've ever seen. they pooped out many cubes ,0.00,0.00,0.00,0.00,0.00,1.00,0.00,0.00,0.00,0.00,0.00,3.00,0.00,0.00,0.00,0.00,0.00,0.00,1.00,0.00,3.00,0.00
9101,43,Laura,Robot no taller than guard panels other than power source for grabber control.  No top or middle scoring. Fast.,0.00,0.00,0.00,0.00,0.00,1.00,0.00,0.00,0.00,0.00,0.00,3.00,0.00,0.00,0.00,0.00,0.00,1.00,1.00,0.00,3.00,0.00
9101,49,Rachel,Good cube pick up. ,0.00,0.00,0.00,0.00,0.00,0.00,0.00,0.00,0.00,0.00,0.00,3.00,0.00,0.00,0.00,0.00,0.00,1.00,0.00,0.00,3.00,0.00
9101,60,Ms. cow,,0.00,0.00,0.00,0.00,0.00,0.00,0.00,0.00,0.00,0.00,0.00,0.00,0.00,0.00,0.00,0.00,0.00,0.00,0.00,0.00,0.00,0.00
